4784d17edc43c33c1d1e3be536afbbda.jpg,Healthy,06/24/25 20:57
25580.jpg,Healthy,06/24/25 21:01
IMG-20250511-WA0009[1].jpg,Healthy,06/24/25 21:02
9cf9eee563062e7d6d5be519930d901c.jpg,Healthy,06/24/25 21:39
4784d17edc43c33c1d1e3be536afbbda.jpg,Healthy,06/24/25 21:43
25580.jpg,Healthy,06/24/25 21:47
4784d17edc43c33c1d1e3be536afbbda.jpg,Healthy,06/24/25 21:53
9cf9eee563062e7d6d5be519930d901c.jpg,Healthy,06/24/25 21:56
4784d17edc43c33c1d1e3be536afbbda.jpg,Healthy,06/24/25 22:03
4784d17edc43c33c1d1e3be536afbbda.jpg,Healthy,06/24/25 22:05
4784d17edc43c33c1d1e3be536afbbda.jpg,Healthy,06/24/25 22:05
4784d17edc43c33c1d1e3be536afbbda.jpg,Healthy,06/24/25 22:05
4784d17edc43c33c1d1e3be536afbbda.jpg,Healthy,06/24/25 22:06
25580.jpg,Healthy,06/24/25 22:06
9cf9eee563062e7d6d5be519930d901c.jpg,Healthy,06/24/25 22:09
4784d17edc43c33c1d1e3be536afbbda.jpg,Healthy,06/24/25 22:13
4784d17edc43c33c1d1e3be536afbbda.jpg,Healthy,06/24/25 22:15
4784d17edc43c33c1d1e3be536afbbda.jpg,Healthy,06/24/25 22:17
4784d17edc43c33c1d1e3be536afbbda.jpg,Healthy,06/24/25 22:17
4784d17edc43c33c1d1e3be536afbbda.jpg,Healthy,06/25/25 12:54
9cf9eee563062e7d6d5be519930d901c.jpg,Healthy,06/25/25 14:28
9cf9eee563062e7d6d5be519930d901c.jpg,Healthy,06/25/25 14:28
9cf9eee563062e7d6d5be519930d901c.jpg,Healthy,06/25/25 14:28
25580.jpg,Healthy,06/27/25 13:38
